{"Cx_hat":{"0":0.0,"1":-0.0018612888,"2":0.0021478821,"3":0.0040141252,"4":0.0086665641,"5":0.0041968668,"6":-0.0019565612,"7":0.0010414497,"8":-0.0003740365,"9":-0.0004996329,"10":0.0001021822,"11":-0.0057321211,"12":0.0009511129,"13":-0.005631466,"14":0.0009958779,"15":-0.0022182905,"16":0.0003378639,"17":-0.0020534121,"18":0.001586131,"19":-0.0017416889,"20":0.0094831348,"21":-0.0007009885,"22":0.0022236253,"23":-0.0011310215,"24":0.0024152842,"25":-0.0068527963,"26":-0.0035332639,"27":-0.0021488319,"28":-0.001350083},"Cy_hat":{"0":0.0,"1":0.0061128347,"2":0.0047969589,"3":0.0174870631,"4":0.0100656988,"5":-0.0093861597,"6":-0.0108362948,"7":-0.0050681307,"8":-0.0051969325,"9":-0.004542639,"10":-0.0044189632,"11":0.0114100867,"12":0.0121501762,"13":0.0147291352,"14":0.0135662109,"15":0.0054338825,"16":0.0038505845,"17":-0.0030208256,"18":0.0032297158,"19":-0.0169807319,"20":0.0183538496,"21":-0.0046028024,"22":0.0044238595,"23":0.004239638,"24":-0.0046406467,"25":0.0217930727,"26":-0.0239931751,"27":0.0062280197,"28":-0.0055555443},"Cz_hat":{"0":0.0,"1":-0.1183802514,"2":-0.1006990353,"3":-0.3474002869,"4":-0.2921908744,"5":-0.3149803047,"6":-0.2749833222,"7":-0.1171384566,"8":-0.102578069,"9":-0.1127563211,"10":-0.1032465233,"11":-0.2846068212,"12":-0.2607785018,"13":-0.3091944287,"14":-0.2601468259,"15":-0.125052938,"16":-0.088939934,"17":-0.0983072068,"18":-0.0979200775,"19":-0.3918872327,"20":-0.4703344228,"21":-0.0975217211,"22":-0.1119065997,"23":-0.0983592412,"24":-0.1269667626,"25":-0.4025323588,"26":-0.4297698076,"27":-0.119807558,"28":-0.1229954527}}